filename,label,text
CELEBRATING_BLACK_HISTORY__Jet_USA___February_28_1994__p9.txt,DATE,"February 28, 1994"
CELEBRATING_BLACK_HISTORY__Jet_USA___February_28_1994__p9.txt,DATE,"February 28, 1994"
CELEBRATING_BLACK_HISTORY__Jet_USA___February_28_1994__p9.txt,DATE,0021-5996
CELEBRATING_BLACK_HISTORY__Jet_USA___February_28_1994__p9.txt,GPE,Glendale
CELEBRATING_BLACK_HISTORY__Jet_USA___February_28_1994__p9.txt,DATE,1955
CELEBRATING_BLACK_HISTORY__Jet_USA___February_28_1994__p9.txt,DATE,1994
Dr._Ernest_E._Just_Honored_On_New_Black_Heritage__Jet_USA___February_26_1996__p19.txt,DATE,"February 26, 1996"
Dr._Ernest_E._Just_Honored_On_New_Black_Heritage__Jet_USA___February_26_1996__p19.txt,DATE,"February 26, 1996"
Dr._Ernest_E._Just_Honored_On_New_Black_Heritage__Jet_USA___February_26_1996__p19.txt,DATE,0021-5996
Dr._Ernest_E._Just_Honored_On_New_Black_Heritage__Jet_USA___February_26_1996__p19.txt,DATE,some 55 years
Dr._Ernest_E._Just_Honored_On_New_Black_Heritage__Jet_USA___February_26_1996__p19.txt,DATE,the first day of this month
Dr._Ernest_E._Just_Honored_On_New_Black_Heritage__Jet_USA___February_26_1996__p19.txt,LOC,Black History Month
Dr._Ernest_E._Just_Honored_On_New_Black_Heritage__Jet_USA___February_26_1996__p19.txt,DATE,1978
Dr._Ernest_E._Just_Honored_On_New_Black_Heritage__Jet_USA___February_26_1996__p19.txt,GPE,W.E.B. DuBois
Dr._Ernest_E._Just_Honored_On_New_Black_Heritage__Jet_USA___February_26_1996__p19.txt,DATE,1915
Dr._Ernest_E._Just_Honored_On_New_Black_Heritage__Jet_USA___February_26_1996__p19.txt,GPE,Washington
Dr._Ernest_E._Just_Honored_On_New_Black_Heritage__Jet_USA___February_26_1996__p19.txt,GPE,D.C.
Dr._Ernest_E._Just_Honored_On_New_Black_Heritage__Jet_USA___February_26_1996__p19.txt,DATE,34 years
Dr._Ernest_E._Just_Honored_On_New_Black_Heritage__Jet_USA___February_26_1996__p19.txt,DATE,1996
HISTORY_MAKERS__Jet_USA___February_23_1998__p20.txt,DATE,February 23
HISTORY_MAKERS__Jet_USA___February_23_1998__p20.txt,DATE,1998
HISTORY_MAKERS__Jet_USA___February_23_1998__p20.txt,DATE,"February 23, 1998"
HISTORY_MAKERS__Jet_USA___February_23_1998__p20.txt,LOC,South
HISTORY_MAKERS__Jet_USA___February_23_1998__p20.txt,DATE,each decade of the 20th century
HISTORY_MAKERS__Jet_USA___February_23_1998__p20.txt,DATE,the first two decades in the century
HISTORY_MAKERS__Jet_USA___February_23_1998__p20.txt,DATE,1998
REMINDER_OF_RACISM__Jet_USA___February_24_1997__p22.txt,DATE,"February 24, 1997"
REMINDER_OF_RACISM__Jet_USA___February_24_1997__p22.txt,DATE,"February 24, 1997"
REMINDER_OF_RACISM__Jet_USA___February_24_1997__p22.txt,DATE,0021-5996
REMINDER_OF_RACISM__Jet_USA___February_24_1997__p22.txt,GPE,Hayneville
REMINDER_OF_RACISM__Jet_USA___February_24_1997__p22.txt,GPE,AL
REMINDER_OF_RACISM__Jet_USA___February_24_1997__p22.txt,DATE,1991
REMINDER_OF_RACISM__Jet_USA___February_24_1997__p22.txt,DATE,1965
This_Week_In_Black_History_February_10_1989___Jet_USA___February_17_2003__p1.txt,DATE,This Week
This_Week_In_Black_History_February_10_1989___Jet_USA___February_17_2003__p1.txt,DATE,"February 10, 1989-- - Jet (USA"
This_Week_In_Black_History_February_10_1989___Jet_USA___February_17_2003__p1.txt,DATE,February 17
This_Week_In_Black_History_February_10_1989___Jet_USA___February_17_2003__p1.txt,DATE,2003
This_Week_In_Black_History_February_10_1989___Jet_USA___February_17_2003__p1.txt,DATE,"February 17, 2003"
This_Week_In_Black_History_February_10_1989___Jet_USA___February_17_2003__p1.txt,DATE,this day
This_Week_In_Black_History_February_10_1989___Jet_USA___February_17_2003__p1.txt,GPE,U.S.
This_Week_In_Black_History_February_10_1989___Jet_USA___February_17_2003__p1.txt,GPE,Vermont
This_Week_In_Black_History_February_10_1989___Jet_USA___February_17_2003__p1.txt,GPE,St. John's
This_Week_In_Black_History_February_10_1989___Jet_USA___February_17_2003__p1.txt,GPE,New York
This_Week_In_Black_History_February_10_1989___Jet_USA___February_17_2003__p1.txt,DATE,"the
1980s"
This_Week_In_Black_History_February_10_1989___Jet_USA___February_17_2003__p1.txt,GPE,U.S.
This_Week_In_Black_History_February_10_1989___Jet_USA___February_17_2003__p1.txt,DATE,"April 3, 1996"
This_Week_In_Black_History_February_10_1989___Jet_USA___February_17_2003__p1.txt,GPE,Bosnia
This_Week_In_Black_History_February_10_1989___Jet_USA___February_17_2003__p1.txt,DATE,"February 11, 1990--

"
This_Week_In_Black_History_February_10_1989___Jet_USA___February_17_2003__p1.txt,DATE,this day
This_Week_In_Black_History_February_10_1989___Jet_USA___February_17_2003__p1.txt,DATE,more than 27 years
This_Week_In_Black_History_February_10_1989___Jet_USA___February_17_2003__p1.txt,GPE,South Africa's
This_Week_In_Black_History_February_10_1989___Jet_USA___February_17_2003__p1.txt,GPE,"Cape
Town"
This_Week_In_Black_History_February_10_1989___Jet_USA___February_17_2003__p1.txt,GPE,South Africa
This_Week_In_Black_History_February_10_1989___Jet_USA___February_17_2003__p1.txt,DATE,June 1990
This_Week_In_Black_History_February_10_1989___Jet_USA___February_17_2003__p1.txt,DATE,Four years later
This_Week_In_Black_History_February_10_1989___Jet_USA___February_17_2003__p1.txt,DATE,2003
This_Week_In_Black_History__Jet_USA___February_16_2004__p1.txt,DATE,This Week
This_Week_In_Black_History__Jet_USA___February_16_2004__p1.txt,DATE,"February 16, 2004"
This_Week_In_Black_History__Jet_USA___February_16_2004__p1.txt,DATE,"February 16, 2004"
This_Week_In_Black_History__Jet_USA___February_16_2004__p1.txt,DATE,"February 10, 1989"
This_Week_In_Black_History__Jet_USA___February_16_2004__p1.txt,DATE,this day
This_Week_In_Black_History__Jet_USA___February_16_2004__p1.txt,DATE,"August 1, 1941"
This_Week_In_Black_History__Jet_USA___February_16_2004__p1.txt,GPE,Washington
This_Week_In_Black_History__Jet_USA___February_16_2004__p1.txt,GPE,D.C.
This_Week_In_Black_History__Jet_USA___February_16_2004__p1.txt,GPE,Vermont
This_Week_In_Black_History__Jet_USA___February_16_2004__p1.txt,GPE,St. John's
This_Week_In_Black_History__Jet_USA___February_16_2004__p1.txt,GPE,New York
This_Week_In_Black_History__Jet_USA___February_16_2004__p1.txt,DATE,the 1980s
This_Week_In_Black_History__Jet_USA___February_16_2004__p1.txt,DATE,11 years
This_Week_In_Black_History__Jet_USA___February_16_2004__p1.txt,GPE,U.S.
This_Week_In_Black_History__Jet_USA___February_16_2004__p1.txt,DATE,"April 3, 1996"
This_Week_In_Black_History__Jet_USA___February_16_2004__p1.txt,GPE,Bosnia.
This_Week_In_Black_History__Jet_USA___February_16_2004__p1.txt,DATE,"February 15, 1968-"
This_Week_In_Black_History__Jet_USA___February_16_2004__p1.txt,GPE,U.S.
This_Week_In_Black_History__Jet_USA___February_16_2004__p1.txt,DATE,this day
This_Week_In_Black_History__Jet_USA___February_16_2004__p1.txt,GPE,New Jersey's
This_Week_In_Black_History__Jet_USA___February_16_2004__p1.txt,GPE,Los Angeles
This_Week_In_Black_History__Jet_USA___February_16_2004__p1.txt,DATE,1948
This_Week_In_Black_History__Jet_USA___February_16_2004__p1.txt,DATE,1996
This_Week_In_Black_History__Jet_USA___February_16_2004__p1.txt,GPE,New York
This_Week_In_Black_History__Jet_USA___February_16_2004__p1.txt,DATE,age 63
This_Week_In_Black_History__Jet_USA___February_16_2004__p1.txt,DATE,2004
This_Week_In_Black_History__Jet_USA___February_20_1995__p20.txt,DATE,This Week
This_Week_In_Black_History__Jet_USA___February_20_1995__p20.txt,DATE,"February 20, 1995"
This_Week_In_Black_History__Jet_USA___February_20_1995__p20.txt,DATE,"February 20, 1995"
This_Week_In_Black_History__Jet_USA___February_20_1995__p20.txt,DATE,0021-5996
This_Week_In_Black_History__Jet_USA___February_20_1995__p20.txt,DATE,"February 17, 1983 -"
This_Week_In_Black_History__Jet_USA___February_20_1995__p20.txt,DATE,age 64
This_Week_In_Black_History__Jet_USA___February_20_1995__p20.txt,DATE,this day
This_Week_In_Black_History__Jet_USA___February_20_1995__p20.txt,GPE,"Washington, DC"
This_Week_In_Black_History__Jet_USA___February_20_1995__p20.txt,DATE,1977 to 1980
This_Week_In_Black_History__Jet_USA___February_20_1995__p20.txt,GPE,U.S.
This_Week_In_Black_History__Jet_USA___February_20_1995__p20.txt,GPE,Malaysia
This_Week_In_Black_History__Jet_USA___February_20_1995__p20.txt,DATE,1980
This_Week_In_Black_History__Jet_USA___February_20_1995__p20.txt,DATE,1981
This_Week_In_Black_History__Jet_USA___February_20_1995__p20.txt,DATE,"February 18, 1965 -

Gambia"
This_Week_In_Black_History__Jet_USA___February_20_1995__p20.txt,GPE,Britain
This_Week_In_Black_History__Jet_USA___February_20_1995__p20.txt,DATE,this day
This_Week_In_Black_History__Jet_USA___February_20_1995__p20.txt,DATE,"February 18, 1932 -

Toni Morrison"
This_Week_In_Black_History__Jet_USA___February_20_1995__p20.txt,DATE,1993
This_Week_In_Black_History__Jet_USA___February_20_1995__p20.txt,DATE,this day
This_Week_In_Black_History__Jet_USA___February_20_1995__p20.txt,GPE,Lorain
This_Week_In_Black_History__Jet_USA___February_20_1995__p20.txt,GPE,OH
This_Week_In_Black_History__Jet_USA___February_20_1995__p20.txt,GPE,Stockholm
This_Week_In_Black_History__Jet_USA___February_20_1995__p20.txt,GPE,Sweden
This_Week_In_Black_History__Jet_USA___February_20_1995__p20.txt,DATE,1970
This_Week_In_Black_History__Jet_USA___February_20_1995__p20.txt,DATE,1992
This_Week_In_Black_History__Jet_USA___February_20_1995__p20.txt,DATE,1988
This_Week_In_Black_History__Jet_USA___February_20_1995__p20.txt,DATE,1995
This_Week_In_Black_History__Jet_USA___February_22_1993__p33.txt,DATE,This Week
This_Week_In_Black_History__Jet_USA___February_22_1993__p33.txt,DATE,"February 22, 1993"
This_Week_In_Black_History__Jet_USA___February_22_1993__p33.txt,DATE,"February 22, 1993"
This_Week_In_Black_History__Jet_USA___February_22_1993__p33.txt,DATE,0021-5996
This_Week_In_Black_History__Jet_USA___February_22_1993__p33.txt,DATE,February 1926
This_Week_In_Black_History__Jet_USA___February_22_1993__p33.txt,DATE,Week
This_Week_In_Black_History__Jet_USA___February_22_1993__p33.txt,DATE,today
This_Week_In_Black_History__Jet_USA___February_22_1993__p33.txt,DATE,"February 22, 1911"
This_Week_In_Black_History__Jet_USA___February_22_1993__p33.txt,DATE,the age of 86
This_Week_In_Black_History__Jet_USA___February_22_1993__p33.txt,DATE,1857
This_Week_In_Black_History__Jet_USA___February_22_1993__p33.txt,DATE,1993
This_Week_In_Black_History__Jet_USA___February_22_1999__p19.txt,DATE,This Week
This_Week_In_Black_History__Jet_USA___February_22_1999__p19.txt,DATE,"February 22, 1999"
This_Week_In_Black_History__Jet_USA___February_22_1999__p19.txt,DATE,"February 22, 1999"
This_Week_In_Black_History__Jet_USA___February_22_1999__p19.txt,DATE,"February 18, 1932 - Toni Morrison"
This_Week_In_Black_History__Jet_USA___February_22_1999__p19.txt,DATE,this day
This_Week_In_Black_History__Jet_USA___February_22_1999__p19.txt,GPE,Lorain
This_Week_In_Black_History__Jet_USA___February_22_1999__p19.txt,GPE,OH
This_Week_In_Black_History__Jet_USA___February_22_1999__p19.txt,DATE,1970
This_Week_In_Black_History__Jet_USA___February_22_1999__p19.txt,LOC,Paradise
This_Week_In_Black_History__Jet_USA___February_22_1999__p19.txt,DATE,1998
This_Week_In_Black_History__Jet_USA___February_22_1999__p19.txt,DATE,1988
This_Week_In_Black_History__Jet_USA___February_22_1999__p19.txt,DATE,1996
This_Week_In_Black_History__Jet_USA___February_22_1999__p19.txt,DATE,"February 18, 1965 - Gambia"
This_Week_In_Black_History__Jet_USA___February_22_1999__p19.txt,GPE,West Africa
This_Week_In_Black_History__Jet_USA___February_22_1999__p19.txt,DATE,this day
This_Week_In_Black_History__Jet_USA___February_22_1999__p19.txt,DATE,"February 21, 1936 -"
This_Week_In_Black_History__Jet_USA___February_22_1999__p19.txt,DATE,this day
This_Week_In_Black_History__Jet_USA___February_22_1999__p19.txt,GPE,Houston
This_Week_In_Black_History__Jet_USA___February_22_1999__p19.txt,DATE,"November 17, 1972"
This_Week_In_Black_History__Jet_USA___February_22_1999__p19.txt,GPE,Texas
This_Week_In_Black_History__Jet_USA___February_22_1999__p19.txt,DATE,1966
This_Week_In_Black_History__Jet_USA___February_22_1999__p19.txt,GPE,Texas
This_Week_In_Black_History__Jet_USA___February_22_1999__p19.txt,DATE,1976
This_Week_In_Black_History__Jet_USA___February_22_1999__p19.txt,DATE,1978
This_Week_In_Black_History__Jet_USA___February_22_1999__p19.txt,DATE,1994
This_Week_In_Black_History__Jet_USA___February_22_1999__p19.txt,DATE,1996
This_Week_In_Black_History__Jet_USA___February_22_1999__p19.txt,DATE,1999
This_Week_In_Black_History__Jet_USA___February_25_2002__p1.txt,DATE,This Week
This_Week_In_Black_History__Jet_USA___February_25_2002__p1.txt,DATE,"February 25, 2002"
This_Week_In_Black_History__Jet_USA___February_25_2002__p1.txt,DATE,"February 25, 2002"
This_Week_In_Black_History__Jet_USA___February_25_2002__p1.txt,DATE,"February 20, 1951"
This_Week_In_Black_History__Jet_USA___February_25_2002__p1.txt,DATE,this day
This_Week_In_Black_History__Jet_USA___February_25_2002__p1.txt,DATE,1966
This_Week_In_Black_History__Jet_USA___February_25_2002__p1.txt,DATE,1970
This_Week_In_Black_History__Jet_USA___February_25_2002__p1.txt,DATE,the age of 65
This_Week_In_Black_History__Jet_USA___February_25_2002__p1.txt,DATE,March
This_Week_In_Black_History__Jet_USA___February_25_2002__p1.txt,DATE,"1, 1980"
This_Week_In_Black_History__Jet_USA___February_25_2002__p1.txt,LOC,Marina del Ray
This_Week_In_Black_History__Jet_USA___February_25_2002__p1.txt,DATE,"February 23, 1979--

"
This_Week_In_Black_History__Jet_USA___February_25_2002__p1.txt,DATE,this day
This_Week_In_Black_History__Jet_USA___February_25_2002__p1.txt,GPE,Topeka
This_Week_In_Black_History__Jet_USA___February_25_2002__p1.txt,GPE,KS
This_Week_In_Black_History__Jet_USA___February_25_2002__p1.txt,DATE,1967
This_Week_In_Black_History__Jet_USA___February_25_2002__p1.txt,DATE,1973
This_Week_In_Black_History__Jet_USA___February_25_2002__p1.txt,GPE,Washington
This_Week_In_Black_History__Jet_USA___February_25_2002__p1.txt,GPE,D.C.
This_Week_In_Black_History__Jet_USA___February_25_2002__p1.txt,DATE,1973
This_Week_In_Black_History__Jet_USA___February_25_2002__p1.txt,GPE,Korea
This_Week_In_Black_History__Jet_USA___February_25_2002__p1.txt,GPE,Vietnam
This_Week_In_Black_History__Jet_USA___February_25_2002__p1.txt,DATE,38 years
This_Week_In_Black_History__Jet_USA___February_25_2002__p1.txt,DATE,1988
This_Week_In_Black_History__Jet_USA___February_25_2002__p1.txt,GPE,Quantico
This_Week_In_Black_History__Jet_USA___February_25_2002__p1.txt,GPE,VA
This_Week_In_Black_History__Jet_USA___February_25_2002__p1.txt,DATE,1999
This_Week_In_Black_History__Jet_USA___February_25_2002__p1.txt,GPE,America
This_Week_In_Black_History__Jet_USA___February_25_2002__p1.txt,DATE,2002
This_Week_In_Black_History__Jet_USA___February_26_2001__p1.txt,DATE,This Week
This_Week_In_Black_History__Jet_USA___February_26_2001__p1.txt,DATE,"February 26, 2001"
This_Week_In_Black_History__Jet_USA___February_26_2001__p1.txt,DATE,"February 26, 2001"
This_Week_In_Black_History__Jet_USA___February_26_2001__p1.txt,DATE,"February 23, 1979

"
This_Week_In_Black_History__Jet_USA___February_26_2001__p1.txt,DATE,this day
This_Week_In_Black_History__Jet_USA___February_26_2001__p1.txt,GPE,Topeka
This_Week_In_Black_History__Jet_USA___February_26_2001__p1.txt,GPE,KS
This_Week_In_Black_History__Jet_USA___February_26_2001__p1.txt,GPE,Petersen
This_Week_In_Black_History__Jet_USA___February_26_2001__p1.txt,DATE,the age of 20
This_Week_In_Black_History__Jet_USA___February_26_2001__p1.txt,DATE,38 years
This_Week_In_Black_History__Jet_USA___February_26_2001__p1.txt,DATE,1988
This_Week_In_Black_History__Jet_USA___February_26_2001__p1.txt,GPE,Quantico
This_Week_In_Black_History__Jet_USA___February_26_2001__p1.txt,GPE,VA
This_Week_In_Black_History__Jet_USA___February_26_2001__p1.txt,DATE,1999
This_Week_In_Black_History__Jet_USA___February_26_2001__p1.txt,DATE,February 24
This_Week_In_Black_History__Jet_USA___February_26_2001__p1.txt,DATE,this day
This_Week_In_Black_History__Jet_USA___February_26_2001__p1.txt,GPE,Miami
This_Week_In_Black_History__Jet_USA___February_26_2001__p1.txt,DATE,22
This_Week_In_Black_History__Jet_USA___February_26_2001__p1.txt,GPE,Liston
This_Week_In_Black_History__Jet_USA___February_26_2001__p1.txt,DATE,2001
This_Week_In_Black_History__Jet_USA___February_28_2000__p1.txt,DATE,This Week
This_Week_In_Black_History__Jet_USA___February_28_2000__p1.txt,DATE,"February 28, 2000"
This_Week_In_Black_History__Jet_USA___February_28_2000__p1.txt,DATE,"February 28, 2000"
This_Week_In_Black_History__Jet_USA___February_28_2000__p1.txt,DATE,"February 22, 1988"
This_Week_In_Black_History__Jet_USA___February_28_2000__p1.txt,GPE,Alberta
This_Week_In_Black_History__Jet_USA___February_28_2000__p1.txt,GPE,Canada
This_Week_In_Black_History__Jet_USA___February_28_2000__p1.txt,DATE,this day
This_Week_In_Black_History__Jet_USA___February_28_2000__p1.txt,GPE,U.S.
This_Week_In_Black_History__Jet_USA___February_28_2000__p1.txt,DATE,1986
This_Week_In_Black_History__Jet_USA___February_28_2000__p1.txt,DATE,1992
This_Week_In_Black_History__Jet_USA___February_28_2000__p1.txt,DATE,1997
This_Week_In_Black_History__Jet_USA___February_28_2000__p1.txt,GPE,U.S.
This_Week_In_Black_History__Jet_USA___February_28_2000__p1.txt,DATE,"February 23, 1868"
This_Week_In_Black_History__Jet_USA___February_28_2000__p1.txt,DATE,this day
This_Week_In_Black_History__Jet_USA___February_28_2000__p1.txt,GPE,Great Barrington
This_Week_In_Black_History__Jet_USA___February_28_2000__p1.txt,GPE,MA
This_Week_In_Black_History__Jet_USA___February_28_2000__p1.txt,DATE,the 20th century
This_Week_In_Black_History__Jet_USA___February_28_2000__p1.txt,GPE,Nashville
This_Week_In_Black_History__Jet_USA___February_28_2000__p1.txt,GPE,TN
This_Week_In_Black_History__Jet_USA___February_28_2000__p1.txt,DATE,1885
This_Week_In_Black_History__Jet_USA___February_28_2000__p1.txt,DATE,1934
This_Week_In_Black_History__Jet_USA___February_28_2000__p1.txt,LOC,Africa
This_Week_In_Black_History__Jet_USA___February_28_2000__p1.txt,DATE,the age of 95
This_Week_In_Black_History__Jet_USA___February_28_2000__p1.txt,DATE,1963
Whitney_Houston_Eight_American_Music_Awards_Make__Jet_USA___February_28_1994__p56-59.txt,DATE,"February 28, 1994"
Whitney_Houston_Eight_American_Music_Awards_Make__Jet_USA___February_28_1994__p56-59.txt,DATE,"February 28, 1994"
Whitney_Houston_Eight_American_Music_Awards_Make__Jet_USA___February_28_1994__p56-59.txt,DATE,0021-5996
Whitney_Houston_Eight_American_Music_Awards_Make__Jet_USA___February_28_1994__p56-59.txt,GPE,Los Angeles'
Whitney_Houston_Eight_American_Music_Awards_Make__Jet_USA___February_28_1994__p56-59.txt,DATE,a single year
Whitney_Houston_Eight_American_Music_Awards_Make__Jet_USA___February_28_1994__p56-59.txt,GPE,Porgy
Whitney_Houston_Eight_American_Music_Awards_Make__Jet_USA___February_28_1994__p56-59.txt,DATE,14 weeks
Whitney_Houston_Eight_American_Music_Awards_Make__Jet_USA___February_28_1994__p56-59.txt,DATE,the summer
Whitney_Houston_Eight_American_Music_Awards_Make__Jet_USA___February_28_1994__p56-59.txt,GPE,Hollywood
Whitney_Houston_Eight_American_Music_Awards_Make__Jet_USA___February_28_1994__p56-59.txt,GPE,Houston
Whitney_Houston_Eight_American_Music_Awards_Make__Jet_USA___February_28_1994__p56-59.txt,DATE,1994
